期次,偿还本息（元）,偿还本金（元）,偿还利息（元）
第1期,307.1732313033053,251.7565646366386,55.416666666666686
第2期,307.1732313033053,253.15171559899997,54.0215157043053
第3期,307.1732313033053,254.55459802294448,52.6186332803608
第4期,307.1732313033053,255.965254753655,51.20797654965028
第5期,307.1732313033053,257.3837288737482,49.78950242955705
第6期,307.1732313033053,258.8100637045903,48.363167598714995
第7期,307.1732313033053,260.2443028076199,46.9289284956854
第8期,307.1732313033053,261.68648998567875,45.486741317626525
第9期,307.1732313033053,263.1366692843494,44.03656201895586
第10期,307.1732313033053,264.5948849933003,42.578346310004974
第11期,307.1732313033053,266.06118164763814,41.112049655667136
第12期,307.1732313033053,267.5356040292688,39.63762727403645
第13期,307.1732313033053,269.0181971682644,38.155034135040864
第14期,307.1732313033053,270.50900634423857,36.6642249590667
第15期,307.1732313033053,272.0080770877296,35.16515421557568
第16期,307.1732313033053,273.51545518159077,33.657776121714505
第17期,307.1732313033053,275.0311866623888,32.14204464091648
第18期,307.1732313033053,276.5553178218096,30.61791348149569
第19期,307.1732313033053,278.0878952080721,29.085336095233174
第20期,307.1732313033053,279.62896562735017,27.544265675955103
第21期,307.1732313033053,281.1785761452018,25.994655158103456
第22期,307.1732313033053,282.7367740880065,24.436457215298788
第23期,307.1732313033053,284.3036070444109,22.869624258894362
第24期,307.1732313033053,285.87912286678204,21.29410843652323
第25期,307.1732313033053,287.4633696726688,19.709861630636453
第26期,307.1732313033053,289.0563958462716,18.116835457033687
第27期,307.1732313033053,290.6582500399197,16.51498126338555
第28期,307.1732313033053,292.2689811755576,14.904250127747673
第29期,307.1732313033053,293.8886384462388,13.284592857066457
第30期,307.1732313033053,295.51727131762846,11.655959985676816
第31期,307.1732313033053,297.1549295295137,10.018301773791563
第32期,307.1732313033053,298.8016630973231,8.371568205982157
第33期,307.1732313033053,300.4575223136541,6.715708989651148
第34期,307.1732313033053,302.12255774980906,5.05067355349621
第35期,307.1732313033053,303.7968202573392,3.3764110459660515
第36期,307.1732313033053,305.4803609695987,1.692870333706594
总期次,还款总额,贷款本金,累计利息
36期,11058.236326918983,10000,1058.2363269189827
